category,token
digital,digital
digital,digitalisasi
digital,digitalisation
digital,digitalization
digital,app
digital,apps
digital,apple
digital,b2b
digital,digital on-boarding
digital,digital onboarding
digital,digital on boarding
digital,e-commerce
digital,fintech
digital,google
digital,internet banking
digital,marketplace
digital,mobile
digital,multi-channel
digital,multi channel
digital,omni-channel
digital,omni channel
digital,online
digital,open banking
digital,platform
digital,play store
digital,user experience
digital,ux
digital,video banking
digital,video on-boarding
digital,video onboarding
digital,video on boarding
digital,virtual banking
digital,virtual assistant
data,analytic
data,analytics
data,artificial intelligence
data,ai
data,big data
data,data governance
data,data management
data,manajemen data
data,pengelolaan data
data,data pribadi
data,data processing
data,data protection
data,perlindungan data
data,kecerdasan buatan
data,machine learning
data,ml
data,pembelajaran mesin
data,pemelajaran mesin
data,personal data
data,predictive
komitmen,investasi digital
komitmen,investasi teknologi
komitmen,investasi it
proses bisnis,agile
proses bisnis,automasi
proses bisnis,automation
proses bisnis,otomasi
proses bisnis,otomatisasi
proses bisnis,credit score
proses bisnis,credit scoring
proses bisnis,data scientist
proses bisnis,digital culture
proses bisnis,budaya digital
proses bisnis,digital mindset
proses bisnis,digital talent
proses bisnis,talenta digital
proses bisnis,efisiensi
proses bisnis,efficiency
proses bisnis,fraud
proses bisnis,inovasi
proses bisnis,innovation
proses bisnis,scrum
proses bisnis,robo
proses bisnis,robot
proses bisnis,robotic
tech,api
tech,application programming
tech,programming interface
tech,augmented reality
tech,ar
tech,authentication
tech,biometric
tech,blockchain
tech,cardless
tech,tanpa kartu
tech,cloud
tech,contactless
tech,data science
tech,digital signature
tech,tanda tangan digital
tech,distributed ledger
tech,infrastruktur digital
tech,digital infrastructure
tech,internet of things
tech,internet-of-things
tech,iot
tech,qr
tech,qris
tech,regulatory technology
tech,regtech
tech,teknologi
tech,technology
tech,virtual reality
tech,vr